_id,_name,_category,_effectType,_effectConditionValue,_effectValue,_extraEffectValue,_effectDetail,_wayToUse,_wayToGet,_price,_spriteName,_itemTab,_priority,_expireDate,_itemExpireType,_masterReleaseLabelId
15010001,1回勧誘チケット,9,6,0,0,0,勧誘を実行できるチケット<br>1回勧誘と同じ内容を実行できる,用途ダミー,入手先ダミー,0,15010001,3,1,,0,1
15010002,10回勧誘チケット,9,6,0,0,0,勧誘を実行できるチケット<br>10回勧誘と同じ内容を実行できる,用途ダミー,入手先ダミー,0,15010002,3,2,,0,1
15010003,期限付き10回勧誘チケット,9,6,0,0,0,勧誘を実行できるチケット（使用期限あり）<br>10回勧誘と同じ内容を実行できる,用途ダミー,入手先ダミー,0,15010003,3,3,,2,1
15010004,10回勧誘チケット（スクフェスデータ連携特典）,9,6,0,0,0,勧誘を実行できるチケット<br>一部の勧誘で10回勧誘と同じ内容を実行できる,用途ダミー,入手先ダミー,0,15010002,3,4,,0,1
15010005,10回勧誘チケット（スクスタデータ連携特典）,9,6,0,0,0,勧誘を実行できるチケット<br>一部の勧誘で10回勧誘と同じ内容を実行できる,用途ダミー,入手先ダミー,0,15010002,3,5,,0,223071202
15010006,1回通常勧誘チケット(2023/7/15 11:59まで),9,6,0,0,0,勧誘を実行できるチケット<br>通常勧誘で1回勧誘と同じ内容を実行できる,用途ダミー,入手先ダミー,0,15010006,3,6,,0,223063001
15010007,10回通常勧誘チケット(2023/7/15 11:59まで),9,6,0,0,0,勧誘を実行できるチケット<br>通常勧誘で10回勧誘と同じ内容を実行できる,用途ダミー,入手先ダミー,0,15010003,3,7,,0,223063001
15010008,1回通常勧誘チケット(2023/7/31 11:59まで),9,6,0,0,0,勧誘を実行できるチケット<br>通常勧誘で1回勧誘と同じ内容を実行できる,用途ダミー,入手先ダミー,0,15010006,3,8,,0,223071502
15010009,10回通常勧誘チケット(2023/7/31 11:59まで),9,6,0,0,0,勧誘を実行できるチケット<br>通常勧誘で10回勧誘と同じ内容を実行できる,用途ダミー,入手先ダミー,0,15010003,3,9,,0,223071502
15010010,1回通常勧誘チケット(2023/8/15 11:59まで),9,6,0,0,0,勧誘を実行できるチケット<br>通常勧誘で1回勧誘と同じ内容を実行できる,用途ダミー,入手先ダミー,0,15010006,3,10,,0,223073101
15010011,10回通常勧誘チケット(2023/8/15 11:59まで),9,6,0,0,0,勧誘を実行できるチケット<br>通常勧誘で10回勧誘と同じ内容を実行できる,用途ダミー,入手先ダミー,0,15010003,3,11,,0,223073101
15010012,1回通常勧誘チケット(2023/8/31 11:59まで),9,6,0,0,0,勧誘を実行できるチケット<br>通常勧誘で1回勧誘と同じ内容を実行できる,用途ダミー,入手先ダミー,0,15010006,3,12,,0,223081501
15010013,10回通常勧誘チケット(2023/8/31 11:59まで),9,6,0,0,0,勧誘を実行できるチケット<br>通常勧誘で10回勧誘と同じ内容を実行できる,用途ダミー,入手先ダミー,0,15010003,3,13,,0,223081501
15010014,1回通常勧誘チケット(2023/9/15 11:59まで),9,6,0,0,0,勧誘を実行できるチケット<br>通常勧誘で1回勧誘と同じ内容を実行できる,用途ダミー,入手先ダミー,0,15010006,3,14,,0,223083107
15010015,10回通常勧誘チケット(2023/9/15 11:59まで),9,6,0,0,0,勧誘を実行できるチケット<br>通常勧誘で10回勧誘と同じ内容を実行できる,用途ダミー,入手先ダミー,0,15010003,3,15,,0,223083107
15010016,1回通常勧誘チケット(2023/9/30 11:59まで),9,6,0,0,0,勧誘を実行できるチケット<br>通常勧誘で1回勧誘と同じ内容を実行できる,用途ダミー,入手先ダミー,0,15010006,3,16,,0,223091501
15010017,10回通常勧誘チケット(2023/9/30 11:59まで),9,6,0,0,0,勧誘を実行できるチケット<br>通常勧誘で10回勧誘と同じ内容を実行できる,用途ダミー,入手先ダミー,0,15010003,3,17,,0,223091501
15010018,1回通常勧誘チケット(2023/10/15 11:59まで),9,6,0,0,0,勧誘を実行できるチケット<br>通常勧誘で1回勧誘と同じ内容を実行できる,用途ダミー,入手先ダミー,0,15010006,3,18,,0,223093001
15010019,10回通常勧誘チケット(2023/10/15 11:59まで),9,6,0,0,0,勧誘を実行できるチケット<br>通常勧誘で10回勧誘と同じ内容を実行できる,用途ダミー,入手先ダミー,0,15010003,3,19,,0,223093001
15010020,1回通常勧誘チケット(2023/10/31 11:59まで),9,6,0,0,0,勧誘を実行できるチケット<br>通常勧誘で1回勧誘と同じ内容を実行できる,用途ダミー,入手先ダミー,0,15010006,3,20,,0,223101505
15010021,10回通常勧誘チケット(2023/10/31 11:59まで),9,6,0,0,0,勧誘を実行できるチケット<br>通常勧誘で10回勧誘と同じ内容を実行できる,用途ダミー,入手先ダミー,0,15010003,3,21,,0,223101505
15010022,1回通常勧誘チケット(2023/11/15 11:59まで),9,6,0,0,0,勧誘を実行できるチケット<br>通常勧誘で1回勧誘と同じ内容を実行できる,用途ダミー,入手先ダミー,0,15010006,3,22,,0,223092302
15010023,1回通常勧誘チケット(2023/11/15 11:59まで),9,6,0,0,0,勧誘を実行できるチケット<br>通常勧誘で1回勧誘と同じ内容を実行できる,用途ダミー,入手先ダミー,0,15010006,3,23,,0,223103107
15010024,10回通常勧誘チケット(2023/11/15 11:59まで),9,6,0,0,0,勧誘を実行できるチケット<br>通常勧誘で10回勧誘と同じ内容を実行できる,用途ダミー,入手先ダミー,0,15010003,3,24,,0,223103107
15010025,1回通常勧誘チケット(2023/11/30 11:59まで),9,6,0,0,0,勧誘を実行できるチケット<br>通常勧誘で1回勧誘と同じ内容を実行できる,用途ダミー,入手先ダミー,0,15010006,3,25,,0,223111501
15010026,10回通常勧誘チケット(2023/11/30 11:59まで),9,6,0,0,0,勧誘を実行できるチケット<br>通常勧誘で10回勧誘と同じ内容を実行できる,用途ダミー,入手先ダミー,0,15010003,3,26,,0,223111501
15010027,1回通常勧誘チケット(2023/11/15 11:59まで),9,6,0,0,0,勧誘を実行できるチケット<br>通常勧誘で1回勧誘と同じ内容を実行できる,用途ダミー,入手先ダミー,0,15010006,3,27,,0,223102506
15010028,1回通常勧誘チケット(2023/12/15 11:59まで),9,6,0,0,0,勧誘を実行できるチケット<br>通常勧誘で1回勧誘と同じ内容を実行できる,用途ダミー,入手先ダミー,0,15010006,3,28,,0,223113008
15010029,10回通常勧誘チケット(2023/12/15 11:59まで),9,6,0,0,0,勧誘を実行できるチケット<br>通常勧誘で10回勧誘と同じ内容を実行できる,用途ダミー,入手先ダミー,0,15010003,3,29,,0,223113008
15010030,1回通常勧誘チケット(2023/12/31 11:59まで),9,6,0,0,0,勧誘を実行できるチケット<br>通常勧誘で1回勧誘と同じ内容を実行できる,用途ダミー,入手先ダミー,0,15010006,3,30,,0,223121513
15010031,10回通常勧誘チケット(2023/12/31 11:59まで),9,6,0,0,0,勧誘を実行できるチケット<br>通常勧誘で10回勧誘と同じ内容を実行できる,用途ダミー,入手先ダミー,0,15010003,3,31,,0,223121513
15010032,1回通常勧誘チケット(2023/12/31 11:59まで),9,6,0,0,0,勧誘を実行できるチケット<br>通常勧誘で1回勧誘と同じ内容を実行できる,用途ダミー,入手先ダミー,0,15010006,3,32,,0,223120804
15010033,10回通常勧誘チケット(2023/12/31 11:59まで),9,6,0,0,0,勧誘を実行できるチケット<br>通常勧誘で10回勧誘と同じ内容を実行できる,用途ダミー,入手先ダミー,0,15010003,3,33,,0,223120804
15010034,1回通常勧誘チケット(2024/1/15 11:59まで),9,6,0,0,0,勧誘を実行できるチケット<br>通常勧誘で1回勧誘と同じ内容を実行できる,用途ダミー,入手先ダミー,0,15010006,3,34,,0,223123107
15010035,10回通常勧誘チケット(2024/1/15 11:59まで),9,6,0,0,0,勧誘を実行できるチケット<br>通常勧誘で10回勧誘と同じ内容を実行できる,用途ダミー,入手先ダミー,0,15010003,3,35,,0,223123107
15010036,1回通常勧誘チケット(2024/1/31 11:59まで),9,6,0,0,0,勧誘を実行できるチケット<br>通常勧誘で1回勧誘と同じ内容を実行できる,用途ダミー,入手先ダミー,0,15010006,3,36,,0,224011508
15010037,10回通常勧誘チケット(2024/1/31 11:59まで),9,6,0,0,0,勧誘を実行できるチケット<br>通常勧誘で10回勧誘と同じ内容を実行できる,用途ダミー,入手先ダミー,0,15010003,3,37,,0,224011508
15010038,1回通常勧誘チケット(2024/2/14 11:59まで),9,6,0,0,0,勧誘を実行できるチケット<br>通常勧誘で1回勧誘と同じ内容を実行できる,用途ダミー,入手先ダミー,0,15010006,3,38,,0,224013108
15010039,10回通常勧誘チケット(2024/2/14 11:59まで),9,6,0,0,0,勧誘を実行できるチケット<br>通常勧誘で10回勧誘と同じ内容を実行できる,用途ダミー,入手先ダミー,0,15010003,3,39,,0,224013108
15010040,1回通常勧誘チケット(2024/3/31 11:59まで),9,6,0,0,0,勧誘を実行できるチケット<br>通常勧誘で1回勧誘と同じ内容を実行できる,用途ダミー,入手先ダミー,0,15010006,3,40,,0,224020109
15010041,10回通常勧誘チケット(2024/3/31 11:59まで),9,6,0,0,0,勧誘を実行できるチケット<br>通常勧誘で10回勧誘と同じ内容を実行できる,用途ダミー,入手先ダミー,0,15010003,3,41,,0,224020109
15020001,10回勧誘チケット（スクフェス2 大感謝勧誘）,9,6,0,0,0,スクフェス2 大感謝勧誘を実行できるチケット<br>10回勧誘を実行できる,用途ダミー,入手先ダミー,0,15010003,3,100,,0,224030118
15500001,勧誘ポイント [リリース記念],1,0,0,0,0,「リリース記念勧誘」で獲得できるポイント<br>様々な部員やアイテムと交換することができる<br>※期限終了後、スキルブック(中)に変換されます,用途ダミー,入手先ダミー,0,15020001,5,500,,0,223041501
15500002,勧誘ポイント [放課後の原宿Liella!♡],1,0,0,0,0,「ピックアップ勧誘～放課後の原宿Liella!♡～」で獲得できるポイント<br>様々な部員やアイテムと交換することができる<br>※期限終了後、スキルブック(中)に変換されます,用途ダミー,入手先ダミー,0,15020001,5,500,,0,223041901
15510004,勧誘ポイント [通常],1,0,0,0,0,「通常勧誘」で獲得できるポイント<br>様々な部員やアイテムと交換することができる<br>※期限終了後、スキルブック(中)に変換されます<br>※本ポイントの交換期限は、5月15日までとなります,用途ダミー,入手先ダミー,0,15020001,5,500,,0,223043001
15510005,勧誘ポイント [通常],1,0,0,0,0,「通常勧誘」で獲得できるポイント<br>様々な部員やアイテムと交換することができる<br>※期限終了後、スキルブック(中)に変換されます<br>※本ポイントの交換期限は、5月31日までとなります,用途ダミー,入手先ダミー,0,15020001,5,500,,0,223051501
15510006,勧誘ポイント [通常],1,0,0,0,0,「通常勧誘」で獲得できるポイント<br>様々な部員やアイテムと交換することができる<br>※期限終了後、スキルブック(中)に変換されます<br>※本ポイントの交換期限は、6月19日までとなります,用途ダミー,入手先ダミー,0,15020001,5,500,,0,223053101
15510007,勧誘ポイント [通常],1,0,0,0,0,「通常勧誘」で獲得できるポイント<br>様々な部員やアイテムと交換することができる<br>※期限終了後、スキルブック(中)に変換されます<br>※本ポイントの交換期限は、6月30日までとなります,用途ダミー,入手先ダミー,0,15020001,5,500,,0,223061501
15510008,勧誘ポイント [通常],1,0,0,0,0,「通常勧誘」で獲得できるポイント<br>様々な部員やアイテムと交換することができる<br>※期限終了後、スキルブック(中)に変換されます<br>※本ポイントの交換期限は、7月15日までとなります,用途ダミー,入手先ダミー,0,15020001,5,500,,0,223063001
15510009,勧誘ポイント [通常],1,0,0,0,0,「通常勧誘」で獲得できるポイント<br>様々な部員やアイテムと交換することができる<br>※期限終了後、スキルブック(中)に変換されます<br>※本ポイントの交換期限は、7月31日までとなります,用途ダミー,入手先ダミー,0,15020001,5,500,,0,223071502
15510010,勧誘ポイント [通常],1,0,0,0,0,「通常勧誘」で獲得できるポイント<br>様々な部員やアイテムと交換することができる<br>※期限終了後、スキルブック(中)に変換されます<br>※本ポイントの交換期限は、8月15日までとなります,用途ダミー,入手先ダミー,0,15020001,5,500,,0,223073101
15510011,勧誘ポイント [通常],1,0,0,0,0,「通常勧誘」で獲得できるポイント<br>様々な部員やアイテムと交換することができる<br>※期限終了後、スキルブック(中)に変換されます<br>※本ポイントの交換期限は、8月31日までとなります,用途ダミー,入手先ダミー,0,15020001,5,500,,0,223081501
15510012,勧誘ポイント [通常],1,0,0,0,0,「通常勧誘」で獲得できるポイント<br>様々な部員やアイテムと交換することができる<br>※期限終了後、スキルブック(中)に変換されます<br>※本ポイントの交換期限は、9月15日までとなります,用途ダミー,入手先ダミー,0,15020001,5,500,,0,223083107
15510013,勧誘ポイント [通常],1,0,0,0,0,「通常勧誘」で獲得できるポイント<br>様々な部員やアイテムと交換することができる<br>※期限終了後、スキルブック(中)に変換されます<br>※本ポイントの交換期限は、9月30日までとなります,用途ダミー,入手先ダミー,0,15020001,5,500,,0,223091501
15510014,勧誘ポイント [通常],1,0,0,0,0,「通常勧誘」で獲得できるポイント<br>様々な部員やアイテムと交換することができる<br>※期限終了後、スキルブック(中)に変換されます<br>※本ポイントの交換期限は、10月15日までとなります,用途ダミー,入手先ダミー,0,15020001,5,500,,0,223093001
15510015,勧誘ポイント [通常],1,0,0,0,0,「通常勧誘」で獲得できるポイント<br>様々な部員やアイテムと交換することができる<br>※期限終了後、スキルブック(中)に変換されます<br>※本ポイントの交換期限は、10月31日までとなります,用途ダミー,入手先ダミー,0,15020001,5,500,,0,223101505
15510016,勧誘ポイント [通常],1,0,0,0,0,「通常勧誘」で獲得できるポイント<br>様々な部員やアイテムと交換することができる<br>※期限終了後、スキルブック(中)に変換されます<br>※本ポイントの交換期限は、11月15日までとなります,用途ダミー,入手先ダミー,0,15020001,5,500,,0,223103107
15510017,勧誘ポイント [通常],1,0,0,0,0,「通常勧誘」で獲得できるポイント<br>様々な部員やアイテムと交換することができる<br>※期限終了後、スキルブック(中)に変換されます<br>※本ポイントの交換期限は、11月30日までとなります,用途ダミー,入手先ダミー,0,15020001,5,500,,0,223111501
15510018,勧誘ポイント [通常],1,0,0,0,0,「通常勧誘」で獲得できるポイント<br>様々な部員やアイテムと交換することができる<br>※期限終了後、スキルブック(中)に変換されます<br>※本ポイントの交換期限は、12月15日までとなります,用途ダミー,入手先ダミー,0,15020001,5,500,,0,223113008
15510019,勧誘ポイント [通常],1,0,0,0,0,「通常勧誘」で獲得できるポイント<br>様々な部員やアイテムと交換することができる<br>※期限終了後、スキルブック(中)に変換されます<br>※本ポイントの交換期限は、12月31日までとなります,用途ダミー,入手先ダミー,0,15020001,5,500,,0,223121513
15510020,勧誘ポイント [通常],1,0,0,0,0,「通常勧誘」で獲得できるポイント<br>様々な部員やアイテムと交換することができる<br>※期限終了後、スキルブック(中)に変換されます<br>※本ポイントの交換期限は、1月15日までとなります,用途ダミー,入手先ダミー,0,15020001,5,500,,0,223123107
15510021,勧誘ポイント [通常],1,0,0,0,0,「通常勧誘」で獲得できるポイント<br>様々な部員やアイテムと交換することができる<br>※期限終了後、スキルブック(中)に変換されます<br>※本ポイントの交換期限は、1月31日までとなります,用途ダミー,入手先ダミー,0,15020001,5,500,,0,224011508
15510022,勧誘ポイント [通常],1,0,0,0,0,「通常勧誘」で獲得できるポイント<br>様々な部員やアイテムと交換することができる<br>※期限終了後、スキルブック(中)に変換されます<br>※本ポイントの交換期限は、2月14日までとなります,用途ダミー,入手先ダミー,0,15020001,5,500,,0,224013108
15510023,勧誘ポイント [通常],1,0,0,0,0,「通常勧誘」で獲得できるポイント<br>様々な部員やアイテムと交換することができる<br>※期限終了後、スキルブック(中)に変換されます<br>※本ポイントの交換期限は、3月1日までとなります,用途ダミー,入手先ダミー,0,15020001,5,500,,0,224021409
15510024,勧誘ポイント [通常],1,0,0,0,0,「通常勧誘」で獲得できるポイント<br>様々な部員やアイテムと交換することができる<br>※期限終了後、スキルブック(中)に変換されます<br>※本ポイントの交換期限は、3月31日までとなります,用途ダミー,入手先ダミー,0,15020001,5,500,,0,224030120
15520001,勧誘ポイント [わたしたちとこの街],1,0,0,0,0,「ピックアップ勧誘～わたしたちとこの街～」で獲得できるポイント<br>様々な部員やアイテムと交換することができる<br>※期限終了後、スキルブック(中)に変換されます,用途ダミー,入手先ダミー,0,15020001,5,500,,0,223043002
15520002,勧誘ポイント [商店街をアピールだ！],1,0,0,0,0,「ピックアップ勧誘～商店街をアピールだ！～」で獲得できるポイント<br>様々な部員やアイテムと交換することができる<br>※期限終了後、スキルブック(中)に変換されます,用途ダミー,入手先ダミー,0,15020001,5,500,,0,223051502
15520003,勧誘ポイント [Live in Nature],1,0,0,0,0,「ピックアップ勧誘～Live in Nature～」で獲得できるポイント<br>様々な部員やアイテムと交換することができる<br>※期限終了後、スキルブック(中)に変換されます,用途ダミー,入手先ダミー,0,15020001,5,500,,0,223053102
15520004,勧誘ポイント [煌めく踊り子],1,0,0,0,0,「ピックアップ勧誘～煌めく踊り子～」で獲得できるポイント<br>様々な部員やアイテムと交換することができる<br>※期限終了後、スキルブック(中)に変換されます,用途ダミー,入手先ダミー,0,15020001,5,500,,0,223061502
15520005,勧誘ポイント [太陽降り注ぐ夏合宿],1,0,0,0,0,「ピックアップ勧誘～太陽降り注ぐ夏合宿～」で獲得できるポイント<br>様々な部員やアイテムと交換することができる<br>※期限終了後、スキルブック(中)に変換されます,用途ダミー,入手先ダミー,0,15020001,5,500,,0,223063002
15520006,勧誘ポイント [真夏の人魚姫],1,0,0,0,0,「ピックアップ勧誘～真夏の人魚姫～」で獲得できるポイント<br>様々な部員やアイテムと交換することができる<br>※期限終了後、スキルブック(中)に変換されます,用途ダミー,入手先ダミー,0,15020001,5,500,,0,223071503
15520007,勧誘ポイント [砂浜駆ける夏の海],1,0,0,0,0,「ピックアップ勧誘～砂浜駆ける夏の海～」で獲得できるポイント<br>様々な部員やアイテムと交換することができる<br>※期限終了後、スキルブック(中)に変換されます,用途ダミー,入手先ダミー,0,15020001,5,500,,0,223073102
15520008,勧誘ポイント [夏夜に咲き誇る花],1,0,0,0,0,「ピックアップ勧誘～夏夜に咲き誇る花～」で獲得できるポイント<br>様々な部員やアイテムと交換することができる<br>※期限終了後、スキルブック(中)に変換されます,用途ダミー,入手先ダミー,0,15020001,5,500,,0,223081502
15520009,勧誘ポイント [月夜に輝く尾花],1,0,0,0,0,「ピックアップ勧誘～月夜に輝く尾花～」で獲得できるポイント<br>様々な部員やアイテムと交換することができる<br>※期限終了後、スキルブック(中)に変換されます,用途ダミー,入手先ダミー,0,15020001,5,500,,0,223083102
15520010,勧誘ポイント [浴衣で涼む街めぐり],1,0,0,0,0,「ピックアップ勧誘～浴衣で涼む街めぐり～」で獲得できるポイント<br>様々な部員やアイテムと交換することができる<br>※期限終了後、スキルブック(中)に変換されます,用途ダミー,入手先ダミー,0,15020001,5,500,,0,223091502
15520011,勧誘ポイント [Trick or Treat!],1,0,0,0,0,「ピックアップ勧誘～Trick or Treat!～」で獲得できるポイント<br>様々な部員やアイテムと交換することができる<br>※期限終了後、スキルブック(中)に変換されます,用途ダミー,入手先ダミー,0,15020001,5,500,,0,223093002
15520012,勧誘ポイント [ひだまりのマーチングバンド],1,0,0,0,0,「ピックアップ勧誘～ひだまりのマーチングバンド～」で獲得できるポイント<br>様々な部員やアイテムと交換することができる<br>※期限終了後、スキルブック(中)に変換されます,用途ダミー,入手先ダミー,0,15020001,5,500,,0,223103108
15520013,勧誘ポイント [にゃんにゃん🐾メイドさん],1,0,0,0,0,「ピックアップ勧誘～にゃんにゃん🐾メイドさん～」で獲得できるポイント<br>様々な部員やアイテムと交換することができる<br>※期限終了後、スキルブック(中)に変換されます,用途ダミー,入手先ダミー,0,15020001,5,500,,0,223111502
15520014,勧誘ポイント [みんなでMerryChristmas！],1,0,0,0,0,「ピックアップ勧誘～みんなでMerryChristmas！～」で獲得できるポイント<br>様々な部員やアイテムと交換することができる<br>※期限終了後、スキルブック(中)に変換されます,用途ダミー,入手先ダミー,0,15020001,5,500,,0,223113009
15520015,勧誘ポイント [雪まつりのサンタクロース],1,0,0,0,0,「ピックアップ勧誘～雪まつりのサンタクロース～」で獲得できるポイント<br>様々な部員やアイテムと交換することができる<br>※期限終了後、スキルブック(中)に変換されます,用途ダミー,入手先ダミー,0,15020001,5,500,,0,223121505
15520016,勧誘ポイント [みんなへのあけましておめでとう],1,0,0,0,0,「ピックアップ勧誘～みんなへのあけましておめでとう～」で獲得できるポイント<br>様々な部員やアイテムと交換することができる<br>※期限終了後、スキルブック(中)に変換されます,用途ダミー,入手先ダミー,0,15020001,5,500,,0,223123102
15520017,勧誘ポイント [氷上のフェアリー],1,0,0,0,0,「ピックアップ勧誘～氷上のフェアリー～」で獲得できるポイント<br>様々な部員やアイテムと交換することができる<br>※期限終了後、スキルブック(中)に変換されます,用途ダミー,入手先ダミー,0,15020001,5,500,,0,224011502
15520018,勧誘ポイント [恋に囚われし乙女],1,0,0,0,0,「ピックアップ勧誘～恋に囚われし乙女～」で獲得できるポイント<br>様々な部員やアイテムと交換することができる<br>※期限終了後、スキルブック(中)に変換されます,用途ダミー,入手先ダミー,0,15020001,5,500,,0,224013102
15520019,勧誘ポイント [百鬼夜行の夜],1,0,0,0,0,「ピックアップ勧誘～百鬼夜行の夜～」で獲得できるポイント<br>様々な部員やアイテムと交換することができる<br>※期限終了後、スキルブック(中)に変換されます,用途ダミー,入手先ダミー,0,15020001,5,500,,0,224021402
15520020,勧誘ポイント [Y2K♡GALS],1,0,0,0,0,「ピックアップ勧誘～Y2K♡GALS～」で獲得できるポイント<br>様々な部員やアイテムと交換することができる<br>※期限終了後、スキルブック(中)に変換されます,用途ダミー,入手先ダミー,0,15020001,5,500,,0,224030102
15530001,勧誘ポイント [かのんちゃんお誕生記念],1,0,0,0,0,「かのんちゃんお誕生日記念勧誘」で獲得できるポイント<br>様々な部員やアイテムと交換することができる<br>※期限終了後、スキルブック(中)に変換されます,用途ダミー,入手先ダミー,0,15020001,5,500,,0,223050101
15530002,勧誘ポイント [愛ちゃんお誕生記念],1,0,0,0,0,「愛ちゃんお誕生日記念勧誘」で獲得できるポイント<br>様々な部員やアイテムと交換することができる<br>※期限終了後、スキルブック(中)に変換されます,用途ダミー,入手先ダミー,0,15020001,5,500,,0,223053001
15530003,勧誘ポイント [希ちゃんお誕生記念],1,0,0,0,0,「希ちゃんお誕生日記念勧誘」で獲得できるポイント<br>様々な部員やアイテムと交換することができる<br>※期限終了後、スキルブック(中)に変換されます,用途ダミー,入手先ダミー,0,15020001,5,500,,0,223060901
15530004,勧誘ポイント [鞠莉ちゃんお誕生記念],1,0,0,0,0,「鞠莉ちゃんお誕生日記念勧誘」で獲得できるポイント<br>様々な部員やアイテムと交換することができる<br>※期限終了後、スキルブック(中)に変換されます,用途ダミー,入手先ダミー,0,15020001,5,500,,0,223061301
15530005,勧誘ポイント [四季ちゃんお誕生記念],1,0,0,0,0,「四季ちゃんお誕生日記念勧誘」で獲得できるポイント<br>様々な部員やアイテムと交換することができる<br>※期限終了後、スキルブック(中)に変換されます,用途ダミー,入手先ダミー,0,15020001,5,500,,0,223061701
15530006,勧誘ポイント [果林ちゃんお誕生記念],1,0,0,0,0,「果林ちゃんお誕生日記念勧誘」で獲得できるポイント<br>様々な部員やアイテムと交換することができる<br>※期限終了後、スキルブック(中)に変換されます,用途ダミー,入手先ダミー,0,15020001,5,500,,0,223062901
15530007,勧誘ポイント [善子ちゃんお誕生記念],1,0,0,0,0,「善子ちゃんお誕生日記念勧誘」で獲得できるポイント<br>様々な部員やアイテムと交換することができる<br>※期限終了後、スキルブック(中)に変換されます,用途ダミー,入手先ダミー,0,15020001,5,500,,0,223071301
15530008,勧誘ポイント [可可ちゃんお誕生記念],1,0,0,0,0,「可可ちゃんお誕生日記念勧誘」で獲得できるポイント<br>様々な部員やアイテムと交換することができる<br>※期限終了後、スキルブック(中)に変換されます,用途ダミー,入手先ダミー,0,15020001,5,500,,0,223071702
15530009,勧誘ポイント [にこちゃんお誕生記念],1,0,0,0,0,「にこちゃんお誕生日記念勧誘」で獲得できるポイント<br>様々な部員やアイテムと交換することができる<br>※期限終了後、スキルブック(中)に変換されます,用途ダミー,入手先ダミー,0,15020001,5,500,,0,223072201
15530010,勧誘ポイント [千歌ちゃんお誕生記念],1,0,0,0,0,「千歌ちゃんお誕生日記念勧誘」で獲得できるポイント<br>様々な部員やアイテムと交換することができる<br>※期限終了後、スキルブック(中)に変換されます,用途ダミー,入手先ダミー,0,15020001,5,500,,0,223080102
15530011,勧誘ポイント [穂乃果ちゃんお誕生記念],1,0,0,0,0,「穂乃果ちゃんお誕生日記念勧誘」で獲得できるポイント<br>様々な部員やアイテムと交換することができる<br>※期限終了後、スキルブック(中)に変換されます,用途ダミー,入手先ダミー,0,15020001,5,500,,0,223080303
15530012,勧誘ポイント [夏美ちゃんお誕生記念],1,0,0,0,0,「夏美ちゃんお誕生日記念勧誘」で獲得できるポイント<br>様々な部員やアイテムと交換することができる<br>※期限終了後、スキルブック(中)に変換されます,用途ダミー,入手先ダミー,0,15020001,5,500,,0,223080701
15530013,勧誘ポイント [せつ菜ちゃんお誕生記念],1,0,0,0,0,「せつ菜ちゃんお誕生日記念勧誘」で獲得できるポイント<br>様々な部員やアイテムと交換することができる<br>※期限終了後、スキルブック(中)に変換されます,用途ダミー,入手先ダミー,0,15020001,5,500,,0,223080801
15530014,勧誘ポイント [ことりちゃんお誕生記念],1,0,0,0,0,「ことりちゃんお誕生日記念勧誘」で獲得できるポイント<br>様々な部員やアイテムと交換することができる<br>※期限終了後、スキルブック(中)に変換されます,用途ダミー,入手先ダミー,0,15020001,5,500,,0,223091201
15530015,勧誘ポイント [梨子ちゃんお誕生記念],1,0,0,0,0,「梨子ちゃんお誕生日記念勧誘」で獲得できるポイント<br>様々な部員やアイテムと交換することができる<br>※期限終了後、スキルブック(中)に変換されます,用途ダミー,入手先ダミー,0,15020001,5,500,,0,223091901
15530016,勧誘ポイント [ルビィちゃんお誕生記念],1,0,0,0,0,「ルビィちゃんお誕生日記念勧誘」で獲得できるポイント<br>様々な部員やアイテムと交換することができる<br>※期限終了後、スキルブック(中)に変換されます,用途ダミー,入手先ダミー,0,15020001,5,500,,0,223092101
15530017,勧誘ポイント [すみれちゃんお誕生記念],1,0,0,0,0,「すみれちゃんお誕生日記念勧誘」で獲得できるポイント<br>様々な部員やアイテムと交換することができる<br>※期限終了後、スキルブック(中)に変換されます,用途ダミー,入手先ダミー,0,15020001,5,500,,0,223092801
15530018,勧誘ポイント [栞子ちゃんお誕生記念],1,0,0,0,0,「栞子ちゃんお誕生日記念勧誘」で獲得できるポイント<br>様々な部員やアイテムと交換することができる<br>※期限終了後、スキルブック(中)に変換されます,用途ダミー,入手先ダミー,0,15020001,5,500,,0,223100502
15530019,勧誘ポイント [絵里ちゃんお誕生記念],1,0,0,0,0,「絵里ちゃんお誕生日記念勧誘」で獲得できるポイント<br>様々な部員やアイテムと交換することができる<br>※期限終了後、スキルブック(中)に変換されます,用途ダミー,入手先ダミー,0,15020001,5,500,,0,223102101
15530020,勧誘ポイント [メイちゃんお誕生記念],1,0,0,0,0,「メイちゃんお誕生日記念勧誘」で獲得できるポイント<br>様々な部員やアイテムと交換することができる<br>※期限終了後、スキルブック(中)に変換されます,用途ダミー,入手先ダミー,0,15020001,5,500,,0,223102901
15530021,勧誘ポイント [凛ちゃんお誕生記念],1,0,0,0,0,「凛ちゃんお誕生日記念勧誘」で獲得できるポイント<br>様々な部員やアイテムと交換することができる<br>※期限終了後、スキルブック(中)に変換されます,用途ダミー,入手先ダミー,0,15020001,5,500,,0,223110101
15530022,勧誘ポイント [璃奈ちゃんお誕生記念],1,0,0,0,0,「璃奈ちゃんお誕生日記念勧誘」で獲得できるポイント<br>様々な部員やアイテムと交換することができる<br>※期限終了後、スキルブック(中)に変換されます,用途ダミー,入手先ダミー,0,15020001,5,500,,0,223111301
15530023,勧誘ポイント [恋ちゃんお誕生記念],1,0,0,0,0,「恋ちゃんお誕生日記念勧誘」で獲得できるポイント<br>様々な部員やアイテムと交換することができる<br>※期限終了後、スキルブック(中)に変換されます,用途ダミー,入手先ダミー,0,15020001,5,500,,0,223112401
15530024,勧誘ポイント [ミアちゃんお誕生記念],1,0,0,0,0,「ミアちゃんお誕生日記念勧誘」で獲得できるポイント<br>様々な部員やアイテムと交換することができる<br>※期限終了後、スキルブック(中)に変換されます,用途ダミー,入手先ダミー,0,15020001,5,500,,0,223120601
15530025,勧誘ポイント [彼方ちゃんお誕生記念],1,0,0,0,0,「彼方ちゃんお誕生日記念勧誘」で獲得できるポイント<br>様々な部員やアイテムと交換することができる<br>※期限終了後、スキルブック(中)に変換されます,用途ダミー,入手先ダミー,0,15020001,5,500,,0,223121601
15530026,勧誘ポイント [冬毬ちゃんお誕生記念],1,0,0,0,0,「冬毬ちゃんお誕生日記念勧誘」で獲得できるポイント<br>様々な部員やアイテムと交換することができる<br>※期限終了後、スキルブック(中)に変換されます,用途ダミー,入手先ダミー,0,15020001,5,500,,0,223122801
15530027,勧誘ポイント [ダイヤちゃんお誕生記念],1,0,0,0,0,「ダイヤちゃんお誕生日記念勧誘」で獲得できるポイント<br>様々な部員やアイテムと交換することができる<br>※期限終了後、スキルブック(中)に変換されます,用途ダミー,入手先ダミー,0,15020001,5,500,,0,224010103
15530028,勧誘ポイント [花陽ちゃんお誕生記念],1,0,0,0,0,「花陽ちゃんお誕生日記念勧誘」で獲得できるポイント<br>様々な部員やアイテムと交換することができる<br>※期限終了後、スキルブック(中)に変換されます,用途ダミー,入手先ダミー,0,15020001,5,500,,0,224011702
15530029,勧誘ポイント [マルガレーテちゃんお誕生記念],1,0,0,0,0,「マルガレーテちゃんお誕生日記念勧誘」で獲得できるポイント<br>様々な部員やアイテムと交換することができる<br>※期限終了後、スキルブック(中)に変換されます,用途ダミー,入手先ダミー,0,15020001,5,500,,0,224012002
15530030,勧誘ポイント [かすみちゃんお誕生記念],1,0,0,0,0,「かすみちゃんお誕生日記念勧誘」で獲得できるポイント<br>様々な部員やアイテムと交換することができる<br>※期限終了後、スキルブック(中)に変換されます,用途ダミー,入手先ダミー,0,15020001,5,500,,0,224012302
15530031,勧誘ポイント [エマちゃんお誕生記念],1,0,0,0,0,「エマちゃんお誕生日記念勧誘」で獲得できるポイント<br>様々な部員やアイテムと交換することができる<br>※期限終了後、スキルブック(中)に変換されます,用途ダミー,入手先ダミー,0,15020001,5,500,,0,224020502
15530032,勧誘ポイント [果南ちゃんお誕生記念],1,0,0,0,0,「果南ちゃんお誕生日記念勧誘」で獲得できるポイント<br>様々な部員やアイテムと交換することができる<br>※期限終了後、スキルブック(中)に変換されます,用途ダミー,入手先ダミー,0,15020001,5,500,,0,224021004
15530033,勧誘ポイント [嵐珠ちゃんお誕生記念],1,0,0,0,0,「嵐珠ちゃんお誕生日記念勧誘」で獲得できるポイント<br>様々な部員やアイテムと交換することができる<br>※期限終了後、スキルブック(中)に変換されます,用途ダミー,入手先ダミー,0,15020001,5,500,,0,224021502
15530034,勧誘ポイント [千砂都ちゃんお誕生記念],1,0,0,0,0,「千砂都ちゃんお誕生日記念勧誘」で獲得できるポイント<br>様々な部員やアイテムと交換することができる<br>※期限終了後、スキルブック(中)に変換されます,用途ダミー,入手先ダミー,0,15020001,5,500,,0,224022502
15530035,勧誘ポイント [歩夢ちゃんお誕生記念],1,0,0,0,0,「歩夢ちゃんお誕生日記念勧誘」で獲得できるポイント<br>様々な部員やアイテムと交換することができる<br>※期限終了後、スキルブック(中)に変換されます,用途ダミー,入手先ダミー,0,15020001,5,500,,0,224030107
15530036,勧誘ポイント [花丸ちゃんお誕生記念],1,0,0,0,0,「花丸ちゃんお誕生日記念勧誘」で獲得できるポイント<br>様々な部員やアイテムと交換することができる<br>※期限終了後、スキルブック(中)に変換されます,用途ダミー,入手先ダミー,0,15020001,5,500,,0,224030402
15530037,勧誘ポイント [海未ちゃんお誕生記念],1,0,0,0,0,「海未ちゃんお誕生日記念勧誘」で獲得できるポイント<br>様々な部員やアイテムと交換することができる<br>※期限終了後、スキルブック(中)に変換されます,用途ダミー,入手先ダミー,0,15020001,5,500,,0,224031502
15540001,勧誘ポイント [スクフェスデータ連携特典],1,0,0,0,0,「スクフェスデータ連携特典 チケット勧誘」で獲得できるポイント<br>様々な部員やアイテムと交換することができる,用途ダミー,入手先ダミー,0,15020001,5,500,,0,223043003
15540002,勧誘ポイント [属性ピックアップ],1,0,0,0,0,「スマイル限定！ピックアップ勧誘」、<br>「ピュア限定！ピックアップ勧誘」、<br>「クール限定！ピックアップ勧誘」で獲得できるポイント<br>様々な部員やアイテムと交換することができる<br>※期限終了後、スキルブック(中)に変換されます,用途ダミー,入手先ダミー,0,15020001,5,500,,0,223061103
15540005,勧誘ポイント [ラブソングカーニバル 歩夢編],1,0,0,0,0,「ラブソングカーニバル記念勧誘～歩夢編～」で獲得できるポイント<br>様々な部員やアイテムと交換することができる<br>※期限終了後、スキルブック(中)に変換されます,用途ダミー,入手先ダミー,0,15020001,5,500,,0,223100301
15540006,勧誘ポイント [ラブソングカーニバル かすみ編],1,0,0,0,0,「ラブソングカーニバル記念勧誘～かすみ編～」で獲得できるポイント<br>様々な部員やアイテムと交換することができる<br>※期限終了後、スキルブック(中)に変換されます,用途ダミー,入手先ダミー,0,15020001,5,500,,0,223101001
15540007,勧誘ポイント [ラブソングカーニバル しずく編],1,0,0,0,0,「ラブソングカーニバル記念勧誘～しずく編～」で獲得できるポイント<br>様々な部員やアイテムと交換することができる<br>※期限終了後、スキルブック(中)に変換されます,用途ダミー,入手先ダミー,0,15020001,5,500,,0,223101701
15540008,勧誘ポイント [ラブソングカーニバル 果林編],1,0,0,0,0,「ラブソングカーニバル記念勧誘～果林編～」で獲得できるポイント<br>様々な部員やアイテムと交換することができる<br>※期限終了後、スキルブック(中)に変換されます,用途ダミー,入手先ダミー,0,15020001,5,500,,0,223102401
15540009,勧誘ポイント [ラブソングカーニバル 愛編],1,0,0,0,0,「ラブソングカーニバル記念勧誘～愛編～」で獲得できるポイント<br>様々な部員やアイテムと交換することができる<br>※期限終了後、スキルブック(中)に変換されます,用途ダミー,入手先ダミー,0,15020001,5,500,,0,223103101
15540010,勧誘ポイント [ラブソングカーニバル 彼方編],1,0,0,0,0,「ラブソングカーニバル記念勧誘～彼方編～」で獲得できるポイント<br>様々な部員やアイテムと交換することができる<br>※期限終了後、スキルブック(中)に変換されます,用途ダミー,入手先ダミー,0,15020001,5,500,,0,223110701
15540011,勧誘ポイント [ラブソングカーニバル せつ菜編],1,0,0,0,0,「ラブソングカーニバル記念勧誘～せつ菜編～」で獲得できるポイント<br>様々な部員やアイテムと交換することができる<br>※期限終了後、スキルブック(中)に変換されます,用途ダミー,入手先ダミー,0,15020001,5,500,,0,223111401
15540012,勧誘ポイント [ラブソングカーニバル エマ編],1,0,0,0,0,「ラブソングカーニバル記念勧誘～エマ編～」で獲得できるポイント<br>様々な部員やアイテムと交換することができる<br>※期限終了後、スキルブック(中)に変換されます,用途ダミー,入手先ダミー,0,15020001,5,500,,0,223112101
15540013,勧誘ポイント [ラブソングカーニバル 璃奈編],1,0,0,0,0,「ラブソングカーニバル記念勧誘～璃奈編～」で獲得できるポイント<br>様々な部員やアイテムと交換することができる<br>※期限終了後、スキルブック(中)に変換されます,用途ダミー,入手先ダミー,0,15020001,5,500,,0,223112801
15540014,勧誘ポイント [ラブソングカーニバル 栞子編],1,0,0,0,0,「ラブソングカーニバル記念勧誘～栞子編～」で獲得できるポイント<br>様々な部員やアイテムと交換することができる<br>※期限終了後、スキルブック(中)に変換されます,用途ダミー,入手先ダミー,0,15020001,5,500,,0,223120501
15540015,勧誘ポイント [ラブソングカーニバル ミア編],1,0,0,0,0,「ラブソングカーニバル記念勧誘～ミア編～」で獲得できるポイント<br>様々な部員やアイテムと交換することができる<br>※期限終了後、スキルブック(中)に変換されます,用途ダミー,入手先ダミー,0,15020001,5,500,,0,223121201
15540016,勧誘ポイント [ラブソングカーニバル 嵐珠編],1,0,0,0,0,「ラブソングカーニバル記念勧誘～嵐珠編～」で獲得できるポイント<br>様々な部員やアイテムと交換することができる<br>※期限終了後、スキルブック(中)に変換されます,用途ダミー,入手先ダミー,0,15020001,5,500,,0,223121901
15540017,勧誘ポイント [Half Anniversary],1,0,0,0,0,「1日1回無料！Half Anniversary記念勧誘」、<br>「UR確定 Half Anniversary記念勧誘」、<br>「ピックアップ勧誘～Boo! Boo! ハロウィンランド～」で獲得できるポイント<br>様々な部員やアイテムと交換することができる<br>※期限終了後、スキルブック(中)に変換されます,用途ダミー,入手先ダミー,0,15020001,5,500,,0,223101501
15540023,勧誘ポイント [私のラブソング編],1,0,0,0,0,「私のラブソング編 開幕記念勧誘」で獲得できるポイント<br>様々な部員やアイテムと交換することができる<br>※期限終了後、スキルブック(中)に変換されます,用途ダミー,入手先ダミー,0,15020001,5,500,,0,223090603
15540024,勧誘ポイント [μ's ピックアップ],1,0,0,0,0,「μ's限定！ピックアップ勧誘」で獲得できるポイント<br>様々な部員やアイテムと交換することができる<br>※期限終了後、スキルブック(中)に変換されます,用途ダミー,入手先ダミー,0,15020001,5,500,,0,223103111
15540025,勧誘ポイント [Aqours ピックアップ],1,0,0,0,0,「Aqours限定！ピックアップ勧誘」で獲得できるポイント<br>様々な部員やアイテムと交換することができる<br>※期限終了後、スキルブック(中)に変換されます,用途ダミー,入手先ダミー,0,15020001,5,500,,0,223111508
15540027,勧誘ポイント [幻日のヨハネ],1,0,0,0,0,「幻日のヨハネ -The Story of the Sound of Heart- 開催記念勧誘」<br>で獲得できるポイント<br>様々な部員やアイテムと交換することができる<br>※期限終了後、スキルブック(中)に変換されます,用途ダミー,入手先ダミー,0,15020001,5,500,,0,223121402
15540028,勧誘ポイント [1年生ピックアップ],1,0,0,0,0,「1年限定！ピックアップ勧誘」で獲得できるポイント<br>様々な部員やアイテムと交換することができる<br>※期限終了後、スキルブック(中)に変換されます,用途ダミー,入手先ダミー,0,15020001,5,500,,0,223111702
15540029,勧誘ポイント [2年生ピックアップ],1,0,0,0,0,「2年限定！ピックアップ勧誘」で獲得できるポイント<br>様々な部員やアイテムと交換することができる<br>※期限終了後、スキルブック(中)に変換されます,用途ダミー,入手先ダミー,0,15020001,5,500,,0,223112404
15540030,勧誘ポイント [3年生ピックアップ],1,0,0,0,0,「3年限定！ピックアップ勧誘」で獲得できるポイント<br>様々な部員やアイテムと交換することができる<br>※期限終了後、スキルブック(中)に変換されます,用途ダミー,入手先ダミー,0,15020001,5,500,,0,223120103
15540031,勧誘ポイント [年末年始記念],1,0,0,0,0,「年末年始記念！最大240回無料勧誘」「年末年始記念！UR確定勧誘」<br>で獲得できるポイント<br>様々な部員やアイテムと交換することができる<br>※期限終了後、スキルブック(中)に変換されます,用途ダミー,入手先ダミー,0,15020001,5,500,,0,223122604
15540032,勧誘ポイント [新春記念],1,0,0,0,0,「新春初夢記念勧誘」「新春初夢！UR確定勧誘」で獲得できるポイント<br>様々な部員やアイテムと交換することができる<br>※期限終了後、スキルブック(中)に変換されます,用途ダミー,入手先ダミー,0,15020001,5,500,,0,224010105
15540033,勧誘ポイント [ラブソングカーニバル],1,0,0,0,0,「ラブソングカーニバル記念勧誘」で獲得できるポイント<br>様々な部員やアイテムと交換することができる<br>※期限終了後、スキルブック(中)に変換されます,用途ダミー,入手先ダミー,0,15020001,5,500,,0,224011304
15540034,勧誘ポイント [大感謝勧誘],1,0,0,0,0,「スクフェス2大感謝祭 記念勧誘」で獲得できるポイント<br>様々な部員やアイテムと交換することができる<br>※期限終了後、スキルブック(中)に変換されます,用途ダミー,入手先ダミー,0,15020001,5,500,,0,224030109
15540035,勧誘ポイント [スペシャル勧誘],1,0,0,0,0,「スペシャル勧誘」で獲得できるポイント<br>様々な部員やアイテムと交換することができる<br>※期限終了後、スキルブック(中)に変換されます,用途ダミー,入手先ダミー,0,15020001,5,500,,0,224031602
30010001,メモリアルピース,1,0,0,0,0,イベントやログインボーナスなどで獲得できる<br>ピースを集めることで、交換所にて加入するメモリアル部員と交換できる,用途ダミー,入手先ダミー,0,30010001,5,500,,0,1
30010002,ヴァイスシュヴァルツ交換券,1,0,0,0,0,ヴァイスシュヴァルツ登場記念キャンペーン交換所で利用できる交換券,用途ダミー,入手先ダミー,0,30010002,5,501,,0,223110106
30010003,スノーホワイトクリスマス交換券,1,0,0,0,0,スノーホワイトクリスマスキャンペーン交換所で利用できる交換券,用途ダミー,入手先ダミー,0,30010003,5,502,,0,223120107
30010004,福袋ポイント,1,0,0,0,0,新春記念！福袋パック交換所で利用できる交換券,用途ダミー,入手先ダミー,0,30010004,5,502,,0,224010107
30010005,バレンタイン交換券,1,0,0,0,0,ハッピーバレンタインデーキャンペーン交換所で利用できる交換券,用途ダミー,入手先ダミー,0,30010005,5,502,,0,224020104
16005001,レッスンノート（小）,4,3,0,100,0,レッスンで使用する事で部員の経験値を獲得できる,用途ダミー,入手先ダミー,100,16005001,1,217,,0,1
16005002,レッスンノート（中）,4,3,0,1000,0,レッスンで使用する事で部員の経験値を獲得できる,用途ダミー,入手先ダミー,1000,16005002,1,218,,0,1
16005003,レッスンノート（大）,4,3,0,5000,0,レッスンで使用する事で部員の経験値を獲得できる,用途ダミー,入手先ダミー,5000,16005003,1,219,,0,1
17001001,スキルブック（小）,5,4,0,100,0,スキルレッスンで使用する事で特技の経験値を獲得できる,用途ダミー,入手先ダミー,1000,17001001,1,321,,0,1
17001002,スキルブック（中）,5,4,0,1000,0,スキルレッスンで使用する事で特技の経験値を獲得できる,用途ダミー,入手先ダミー,10000,17001002,1,322,,0,1
17001003,スキルブック（大）,5,4,0,5000,0,スキルレッスンで使用する事で特技の経験値を獲得できる,用途ダミー,入手先ダミー,50000,17001003,1,323,,0,1
19100001,ペンライト,3,8,0,0,0,部員を覚醒することができる,用途ダミー,入手先ダミー,0,19400001,1,405,,0,1
20000001,LPキャンディ[小],8,1,0,10,0,LPを10回復できるアイテム,用途ダミー,入手先ダミー,0,20000001,2,1,,0,1
20000002,LPキャンディ[中],8,1,0,50,0,LPを50回復できるアイテム,用途ダミー,入手先ダミー,0,20000002,2,2,,0,1
20000003,LPキャンディ[大],8,1,0,100,0,LPを100回復できるアイテム,用途ダミー,入手先ダミー,0,20000003,2,3,,0,1
20001001,期限付きLPキャンディ[小],8,1,0,10,0,LPを10回復できるアイテム（使用期限あり）,用途ダミー,入手先ダミー,0,20001001,2,10,2023/05/25 4:59:59,0,1
20002001,期限付きLPキャンディ[中],8,1,0,50,0,LPを50回復できるアイテム（使用期限あり）,用途ダミー,入手先ダミー,0,20002001,2,11,2023/05/25 4:59:59,0,1
20003001,期限付きLPキャンディ[大],8,1,0,100,0,LPを100回復できるアイテム（使用期限あり）,用途ダミー,入手先ダミー,0,20003001,2,12,2023/05/25 4:59:59,0,1
20001002,期限付きLPキャンディ[小],8,1,0,10,0,LPを10回復できるアイテム（使用期限あり）,用途ダミー,入手先ダミー,0,20001001,2,13,2023/06/10 4:59:59,0,223051506
20001003,期限付きLPキャンディ[小],8,1,0,10,0,LPを10回復できるアイテム（使用期限あり）,用途ダミー,入手先ダミー,0,20001001,2,14,2023/06/25 4:59:59,0,223053106
20001004,期限付きLPキャンディ[小],8,1,0,10,0,LPを10回復できるアイテム（使用期限あり）,用途ダミー,入手先ダミー,0,20001001,2,15,2023/07/31 14:59:59,0,223061107
20001005,期限付きLPキャンディ[小],8,1,0,10,0,LPを10回復できるアイテム（使用期限あり）,用途ダミー,入手先ダミー,0,20001001,2,16,2023/08/31 14:59:59,0,223063006
20001006,期限付きLPキャンディ[小],8,1,0,10,0,LPを10回復できるアイテム（使用期限あり）,用途ダミー,入手先ダミー,0,20001001,2,17,2023/09/30 14:59:59,0,223073106
20001007,期限付きLPキャンディ[小],8,1,0,10,0,LPを10回復できるアイテム（使用期限あり）,用途ダミー,入手先ダミー,0,20001001,2,18,2023/10/31 14:59:59,0,223083106
20001008,ハロウィンLPキャンディ[小],8,1,0,10,0,LPを10回復できるアイテム,用途ダミー,入手先ダミー,0,20001002,2,19,,0,223102502
20001009,期限付きLPキャンディ[小],8,1,0,10,0,LPを10回復できるアイテム（使用期限あり）,用途ダミー,入手先ダミー,0,20001001,2,20,2023/11/30 14:59:59,0,223093006
20001010,期限付きLPキャンディ[小],8,1,0,10,0,LPを10回復できるアイテム（使用期限あり）,用途ダミー,入手先ダミー,0,20001001,2,20,2023/12/31 14:59:59,0,223103106
20001011,期限付きLPキャンディ[小],8,1,0,10,0,LPを10回復できるアイテム（使用期限あり）,用途ダミー,入手先ダミー,0,20001001,2,20,2024/01/31 14:59:59,0,223113006
20001012,クリスマスLPキャンディ[小],8,1,0,10,0,LPを10回復できるアイテム,用途ダミー,入手先ダミー,0,20001003,2,20,,0,223120106
20001013,LP鏡餅,8,1,0,10,0,LPを10回復できるアイテム,用途ダミー,入手先ダミー,0,20001004,2,20,,0,224010109
20001014,期限付きLPキャンディ[小],8,1,0,10,0,LPを10回復できるアイテム（使用期限あり）,用途ダミー,入手先ダミー,0,20001001,2,20,2024/01/31 14:59:59,0,223120803
20001015,期限付きLPキャンディ[小],8,1,0,10,0,LPを10回復できるアイテム（使用期限あり）,用途ダミー,入手先ダミー,0,20001001,2,20,2024/02/29 14:59:59,0,223123105
20001016,LPバレンタインチョコ[小],8,1,0,10,0,LPを10回復できるアイテム,用途ダミー,入手先ダミー,0,20001005,2,20,,0,224020105
20001017,LPホワイトデーマカロン[小],8,1,0,10,0,LPを10回復できるアイテム,用途ダミー,入手先ダミー,0,20001006,2,20,,0,224030112
20001018,期限付きLPキャンディ[小],8,1,0,10,0,LPを10回復できるアイテム（使用期限あり）,用途ダミー,入手先ダミー,0,20001001,2,20,2024/03/31 14:59:59,0,224013105
21000001,スキップチケット,1,10,0,0,0,スキップを実施するために必要なチケット,用途ダミー,入手先ダミー,0,21000001,3,10,,0,1
21001001,期限付きスキップチケット,1,10,0,0,0,スキップを実施するために必要なチケット（使用期限あり）,用途ダミー,入手先ダミー,0,21001001,3,10,2023/05/25 4:59:59,0,1
21001002,期限付きスキップチケット,1,10,0,0,0,スキップを実施するために必要なチケット（使用期限あり）,用途ダミー,入手先ダミー,0,21001001,3,10,2023/06/10 4:59:59,0,223051506
21001003,期限付きスキップチケット,1,10,0,0,0,スキップを実施するために必要なチケット（使用期限あり）,用途ダミー,入手先ダミー,0,21001001,3,10,2023/06/25 4:59:59,0,223053106
21001004,期限付きスキップチケット,1,10,0,0,0,スキップを実施するために必要なチケット（使用期限あり）,用途ダミー,入手先ダミー,0,21001001,3,10,2023/07/31 14:59:59,0,223061107
21001005,期限付きスキップチケット,1,10,0,0,0,スキップを実施するために必要なチケット（使用期限あり）,用途ダミー,入手先ダミー,0,21001001,3,10,2023/08/31 14:59:59,0,223063006
21001006,期限付きスキップチケット,1,10,0,0,0,スキップを実施するために必要なチケット（使用期限あり）,用途ダミー,入手先ダミー,0,21001001,3,10,2023/09/30 14:59:59,0,223073106
21001007,期限付きスキップチケット,1,10,0,0,0,スキップを実施するために必要なチケット（使用期限あり）,用途ダミー,入手先ダミー,0,21001001,3,10,2023/10/31 14:59:59,0,223083106
21001008,期限付きスキップチケット,1,10,0,0,0,スキップを実施するために必要なチケット（使用期限あり）,用途ダミー,入手先ダミー,0,21001001,3,10,2023/11/30 14:59:59,0,223093006
21001009,期限付きスキップチケット,1,10,0,0,0,スキップを実施するために必要なチケット（使用期限あり）,用途ダミー,入手先ダミー,0,21001001,3,10,2023/12/31 14:59:59,0,223103106
21001010,期限付きスキップチケット,1,10,0,0,0,スキップを実施するために必要なチケット（使用期限あり）,用途ダミー,入手先ダミー,0,21001001,3,10,2024/01/31 14:59:59,0,223113006
21001011,期限付きスキップチケット,1,10,0,0,0,スキップを実施するために必要なチケット（使用期限あり）,用途ダミー,入手先ダミー,0,21001001,3,10,2024/01/31 14:59:59,0,223120803
21001012,期限付きスキップチケット,1,10,0,0,0,スキップを実施するために必要なチケット（使用期限あり）,用途ダミー,入手先ダミー,0,21001001,3,10,2024/02/29 14:59:59,0,223123105
21001013,期限付きスキップチケット,1,10,0,0,0,スキップを実施するために必要なチケット（使用期限あり）,用途ダミー,入手先ダミー,0,21001001,3,10,2024/03/31 14:59:59,0,224013105
22000001,スターアシストチケット,1,9,0,0,0,スターアシストを使用するために必要なチケット,用途ダミー,入手先ダミー,0,22000001,5,500,,0,223111506
22001001,期限付きスターアシストチケット,1,9,0,0,0,スターアシストを使用するために必要なチケット（使用期限あり）,用途ダミー,入手先ダミー,0,22001001,5,500,2023/12/31 14:59:59,0,223103106
22001003,期限付きスターアシストチケット,1,9,0,0,0,スターアシストを使用するために必要なチケット（使用期限あり）,用途ダミー,入手先ダミー,0,22001001,5,500,2024/01/25 4:59:59,0,224011505
22001004,期限付きスターアシストチケット,1,9,0,0,0,スターアシストを使用するために必要なチケット（使用期限あり）,用途ダミー,入手先ダミー,0,22001001,5,500,2024/02/22 4:59:59,0,224021405
